{
  "binding": {
    "accuracy": 0.16600985221674877,
    "std": 0.10948379758687372,
    "n_classes": 12,
    "chance": 0.08333333333333333
  },
  "color_left": {
    "accuracy": 0.27610837438423647,
    "std": 0.19597678792406228,
    "n_classes": 4,
    "chance": 0.25
  },
  "color_right": {
    "accuracy": 0.28448275862068967,
    "std": 0.1415474189777503,
    "n_classes": 4,
    "chance": 0.25
  }
}